{
    "gameTime": 599.999999999783,
    "goalsData": [
        {
            "goalScorerId": 11,
            "goalShotTime": 337.467,
            "goalSide": "Blue",
            "goalTravelTime": 1.3,
            "time": 338.767
        },
        {
            "goalScorerId": 5,
            "goalShotTime": 343.8,
            "goalSide": "Blue",
            "goalTravelTime": 2.933,
            "time": 346.733
        },
        {
            "goalScorerId": 11,
            "goalShotTime": 414.85,
            "goalSide": "Blue",
            "goalTravelTime": 1.533,
            "time": 416.383
        },
        {
            "goalScorerId": 7,
            "goalShotTime": 598.617,
            "goalSide": "Blue",
            "goalTravelTime": 1.4,
            "time": 600.017
        }
    ],
    "rawPositionsAtEnd": "-78.28337648296335--120.89891728250312|4.013225369100981--105.74319185790364|-133.1108867515986--108.10989776406169|660.3860703840683--26.935246795085064|12.134250849350718--134.6230974178104|-47.032242045808786--284.54456877266347|-118.22656370479221--219.24985634422032|-72.66455619831983--159.77595185341784|",
    "score": {
        "Blue": 3,
        "Red": 0
    },
    "teams": {
        "Blue": [
            "MaddoHatto",
            "adamaru",
            "Toperz",
            "rybak"
        ],
        "Red": [
            "K-rol",
            "Amman",
            "kjubn",
            "hubigz"
        ]
    },
    "time": "2020-07-22 14:00"
}