{
    "gameTime": 600.0,
    "goalsData": [
        {
            "goalScorerId": 3,
            "goalShotTime": 410.483,
            "goalSide": "Blue",
            "goalTime": 411.85,
            "goalTravelTime": 1.367
        },
        {
            "goalScorerId": 0,
            "goalShotTime": 419.417,
            "goalSide": "Red",
            "goalTime": 420.45,
            "goalTravelTime": 1.033
        },
        {
            "goalScorerId": 3,
            "goalShotTime": 557.15,
            "goalSide": "Blue",
            "goalTime": 558.2,
            "goalTravelTime": 1.05
        },
        {
            "goalScorerId": 2,
            "goalShotTime": 599.233,
            "goalSide": "Blue",
            "goalTime": 600.017,
            "goalTravelTime": 0.784
        }
    ],
    "rawPositionsAtEnd": "-387.9054316948271--88.00231474819142|-336.50812418746403--175.24348102174932|-521.6949625026136--53.9990660534984|-435.7610863107455--209.29078774637563|",
    "score": {
        "Blue": 2,
        "Red": 1
    },
    "teams": {
        "Blue": [
            "adamaru",
            "MaddoHatto"
        ],
        "Red": [
            "Toperz",
            "Amman"
        ]
    },
    "time": "2020-07-27 13:08"
}